frame,player_id,team,jersey_number,average_color,x_pos,y_pos,distance_moved_since_last_frame,total_distance,speed_fps
140,1,team_1,1,"(100, 96, 107)",34.112138748168945,-17.786261240641277,0,0.0,0
140,65,referee,REF,"(139, 150, 156)",25.849313735961914,-14.949674606323242,0,0.0,0
140,118,team_1,28,"(161, 158, 168)",35.3048038482666,-18.01819313897027,0,0.0,0
140,52,team_2,19,"(124, 125, 129)",28.70713233947754,-16.186292860243054,0,0.0,0
140,45,team_1,18,"(112, 110, 117)",25.11526107788086,-14.882771174112955,0,0.0,0
140,55,referee,REF,"(117, 118, 124)",27.447795867919922,-15.515626483493381,0,0.0,0
140,54,team_1,20,"(131, 132, 137)",28.76206398010254,-16.109914143880207,0,0.0,0
140,29,team_2,13,"(112, 111, 119)",35.28104782104492,-18.121131473117405,0,0.0,0
140,61,unknown,26,"(129, 138, 148)",22.914419174194336,-14.181762271457249,0,0.0,0
140,148,unknown,148,"(186, 190, 187)",28.739948272705078,-16.259529961480034,0,0.0,0
140,114,unknown,114,"(80, 88, 132)",-20.0,16.645833333333332,0,0.0,0
140,126,unknown,29,"(115, 113, 113)",32.30461120605469,-17.41219647725423,0,0.0,0
140,88,unknown,88,"(69, 75, 109)",-20.0,-16.52777777777778,0,0.0,0
140,150,unknown,150,"(185, 188, 186)",28.06401252746582,-16.03369755215115,0,0.0,0
140,149,unknown,149,"(178, 180, 179)",35.043325424194336,-18.26364983452691,0,0.0,0
140,151,unknown,151,"(212, 213, 218)",25.697832107543945,-14.982286877102322,0,0.0,0
140,153,unknown,32,"(121, 128, 137)",22.960920333862305,-14.198670069376627,0,0.0,0
140,152,unknown,152,"(75, 83, 130)",20.0,16.645833333333332,0,0.0,0
140,147,unknown,147,"(74, 83, 135)",20.0,-16.52777777777778,0,0.0,0
141,135,unknown,31,"(110, 106, 117)",34.13216590881348,-17.794284608629013,0,0.0,0
141,65,referee,REF,"(134, 147, 154)",25.74845314025879,-14.921201917860243,0.10480245108727301,0.10480245108727301,3.1440735326181906
141,118,team_1,28,"(159, 156, 166)",35.2724552154541,-18.011146121554905,0.033107317911458586,0.033107317911458586,0.9932195373437576
141,147,unknown,147,"(74, 83, 133)",22.426776885986328,-16.964689254760742,2.465793521987787,2.465793521987787,73.97380565963361
141,54,team_1,20,"(126, 126, 133)",28.763761520385742,-16.087825563218857,0.022153713879304128,0.022153713879304128,0.6646114163791238
141,55,referee,REF,"(118, 119, 125)",27.33806610107422,-15.486159430609808,0.11361746757279746,0.11361746757279746,3.408524027183924
141,61,unknown,26,"(115, 122, 132)",22.857637405395508,-14.165283203125,0.05912468994440894,0.05912468994440894,1.7737406983322683
141,45,team_1,18,"(114, 113, 119)",25.095081329345703,-14.880216810438368,0.020340772471176993,0.020340772471176993,0.6102231741353098
141,29,team_2,13,"(120, 118, 126)",35.47140121459961,-18.18179490831163,0.199786052584633,0.199786052584633,5.99358157753899
141,126,unknown,29,"(121, 117, 119)",32.5840950012207,-17.501552369859482,0.2934206320347644,0.2934206320347644,8.802618961042931
141,153,goalie,32,"(119, 126, 135)",22.89102554321289,-14.183340284559462,0.07155616019928693,0.07155616019928693,2.146684805978608
141,88,unknown,88,"(69, 76, 113)",-11.470069885253906,-19.41879145304362,9.006534729463182,9.006534729463182,270.1960418838955
141,52,team_2,19,"(139, 138, 143)",28.793954849243164,-16.19527096218533,0.0872854771224168,0.0872854771224168,2.618564313672504
141,114,unknown,114,"(78, 87, 132)",-31.993675231933594,25.00182162390815,14.617482200479014,14.617482200479014,438.52446601437043
142,135,unknown,31,"(128, 125, 133)",34.15213584899902,-17.802282757229275,0.021512063872306315,0.021512063872306315,0.6453619161691895
142,126,unknown,29,"(141, 138, 139)",32.94978141784668,-17.618473052978516,0.38392317128009973,0.6773438033148641,11.517695138402992
142,61,unknown,26,"(105, 112, 121)",22.821931838989258,-14.154925240410698,0.03717761240292334,0.09630230234733228,1.1153283720877
142,55,referee,REF,"(121, 122, 128)",27.317209243774414,-15.482589085896809,0.021160242385049807,0.13477770995784727,0.6348072715514942
142,118,team_1,28,"(163, 160, 169)",35.50057411193848,-18.077343410915798,0.2375296024750996,0.2706369203865582,7.125888074252988
142,65,referee,REF,"(132, 145, 152)",25.69324493408203,-14.905616336398655,0.057365986252754284,0.16216843734002728,1.7209795875826286
142,45,team_1,18,"(117, 116, 122)",25.087556838989258,-14.877983093261719,0.007849041186635203,0.028189813657812195,0.23547123559905608
142,29,team_2,13,"(124, 123, 132)",35.78411102294922,-18.282276153564453,0.32845685391784313,0.5282429065024761,9.853705617535294
142,54,team_1,20,"(125, 126, 130)",28.867673873901367,-16.136470158894856,0.11473479812871773,0.13688851200802185,3.442043943861532
142,147,unknown,147,"(74, 82, 132)",22.343006134033203,-16.970752716064453,0.08398990680893506,2.549783428796722,2.5196972042680517
142,153,goalie,32,"(111, 116, 125)",22.845687866210938,-14.170136133829752,0.047221335775540274,0.1187774959748272,1.4166400732662083
142,114,unknown,114,"(76, 85, 135)",35.85324287414551,-26.883377075195312,85.41240039091778,100.0298825913968,2562.3720117275334
143,135,unknown,31,"(137, 134, 142)",34.11089897155762,-17.789536158243816,0.043161972230351696,0.06467403610265801,1.294859166910551
143,114,unknown,114,"(76, 86, 135)",36.10995292663574,-27.069085439046223,0.3168400976103261,100.34672268900712,9.505202928309783
143,126,unknown,29,"(154, 152, 153)",33.209877014160156,-17.700756708780926,0.2728008783597891,0.9501446816746533,8.184026350793673
143,118,team_1,28,"(166, 163, 172)",35.51168441772461,-18.075124104817707,0.011329793211634555,0.28196671359819275,0.33989379634903666
143,45,team_1,18,"(114, 112, 120)",25.02185821533203,-14.86016739739312,0.06807134617249978,0.09626115983031197,2.0421403851749935
143,55,referee,REF,"(125, 126, 131)",27.186899185180664,-15.44699732462565,0.135083251519534,0.26986096147738126,4.05249754558602
143,52,team_2,19,"(125, 125, 129)",28.985090255737305,-16.265553792317707,0.2036477837519894,0.2909332608744062,6.109433512559682
143,29,team_2,13,"(118, 117, 125)",35.78982353210449,-18.281915876600475,0.005723858867919073,0.5339667653703951,0.1717157660375722
143,65,referee,REF,"(141, 153, 158)",25.584535598754883,-14.874931547376844,0.11295696465726858,0.27512540199729585,3.3887089397180574
143,54,team_1,20,"(120, 120, 124)",28.87791633605957,-16.141099717881943,0.011240144459798708,0.14812865646782056,0.33720433379396125
143,152,unknown,152,"(79, 88, 131)",0.017385482788085938,0.3885118696424696,25.760539282345622,25.760539282345622,772.8161784703686
144,135,unknown,31,"(129, 126, 136)",33.96751403808594,-17.748796039157444,0.14906037853785897,0.21373441464051698,4.4718113561357695
144,45,team_1,18,"(112, 110, 118)",24.90870475769043,-14.829860899183485,0.11714174665754441,0.21340290648785637,3.5142523997263324
144,52,team_2,19,"(129, 129, 134)",29.004831314086914,-16.278815587361652,0.023782022465515723,0.31471528333992194,0.7134606739654716
144,118,team_1,28,"(163, 160, 170)",35.352439880371094,-18.02145004272461,0.1680468018693273,0.45001351546752005,5.041404056079819
144,55,referee,REF,"(124, 126, 131)",26.990089416503906,-15.391885757446289,0.20438045377081485,0.4742414152481961,6.131413613124446
144,65,referee,REF,"(135, 147, 152)",25.395584106445312,-14.830318450927734,0.1941468382971796,0.46927224029447545,5.824405148915388
144,54,team_1,20,"(123, 121, 126)",28.774099349975586,-16.112162272135418,0.10777449775292522,0.2559031542207458,3.2332349325877567
144,29,team_2,13,"(113, 110, 120)",35.664329528808594,-18.243286980523003,0.13130474658364472,0.6652715119540398,3.9391423975093414
144,114,unknown,114,"(77, 86, 135)",50.77436447143555,-38.05297893948025,18.321868965368534,118.66859165437566,549.656068961056
144,126,unknown,29,"(154, 152, 153)",33.180837631225586,-17.689714219835068,0.031068027348706985,0.9812127090233602,0.9320408204612095
144,147,unknown,147,"(74, 82, 132)",23.35555076599121,-17.760811275906033,1.2843049325163896,3.8340883613131114,38.52914797549169
145,135,unknown,31,"(122, 118, 130)",33.94701957702637,-17.746007495456272,0.020683300270884945,0.23441771491140193,0.6204990081265483
145,52,team_2,19,"(130, 129, 132)",29.011716842651367,-16.282958772447373,0.008035949618211486,0.3227512329581334,0.2410784885463446
145,126,unknown,29,"(150, 147, 148)",33.286685943603516,-17.722654342651367,0.11085538743971204,1.0920680964630722,3.3256616231913614
145,1,team_1,1,"(108, 105, 114)",35.55508613586426,-18.21382353040907,1.5049606889511113,1.5049606889511113,45.14882066853334
145,55,referee,REF,"(125, 126, 133)",26.834840774536133,-15.348836263020832,0.16110679626609595,0.635348211514292,4.8332038879828785
145,45,team_1,18,"(116, 113, 121)",24.832515716552734,-14.808824327256945,0.07903990984244565,0.292442816330302,2.3711972952733693
145,118,team_1,28,"(161, 157, 168)",35.20798683166504,-17.98067389594184,0.1500978928130694,0.6001114082805894,4.502936784392082
145,65,referee,REF,"(133, 145, 151)",25.23448944091797,-14.784703784518772,0.16742816087196224,0.6367004011664377,5.022844826158868
145,54,team_1,20,"(131, 128, 134)",28.77232551574707,-16.1145076751709,0.0029406467433364335,0.2588438009640822,0.08821940230009301
145,147,unknown,147,"(76, 85, 135)",26.805400848388672,-20.22202894422743,4.23781287952585,8.071901240838962,127.13438638577551
145,114,unknown,114,"(78, 87, 134)",2.8172969818115234,-1.4697678883870442,60.31758991383178,178.98618156820743,1809.5276974149535
146,135,unknown,31,"(122, 118, 130)",33.94701957702637,-17.746007495456272,0.0,0.23441771491140193,0.0
146,52,team_2,19,"(130, 129, 132)",29.011716842651367,-16.282958772447373,0.0,0.3227512329581334,0.0
146,126,unknown,29,"(150, 147, 148)",33.286685943603516,-17.722654342651367,0.0,1.0920680964630722,0.0
146,1,team_1,1,"(108, 105, 114)",35.55508613586426,-18.21382353040907,0.0,1.5049606889511113,0.0
146,55,referee,REF,"(125, 126, 133)",26.834840774536133,-15.348836263020832,0.0,0.635348211514292,0.0
146,45,team_1,18,"(116, 113, 121)",24.832515716552734,-14.808824327256945,0.0,0.292442816330302,0.0
146,118,team_1,28,"(161, 157, 168)",35.20798683166504,-17.98067389594184,0.0,0.6001114082805894,0.0
146,65,referee,REF,"(133, 145, 151)",25.244417190551758,-14.787513944837782,0.010317810514335697,0.6470182116807733,0.3095343154300709
146,54,team_1,20,"(131, 128, 134)",28.77232551574707,-16.1145076751709,0.0,0.2588438009640822,0.0
146,147,unknown,147,"(76, 85, 135)",26.805400848388672,-20.22202894422743,0.0,8.071901240838962,0.0
146,114,unknown,114,"(78, 87, 134)",2.8172969818115234,-1.4697678883870442,0.0,178.98618156820743,0.0
146,158,unknown,33,"(163, 162, 167)",28.801116943359375,-16.07623185051812,0,0.0,0
146,159,unknown,159,"(194, 197, 195)",28.083677291870117,-16.051668167114258,0,0.0,0
146,160,unknown,160,"(184, 188, 186)",27.461166381835938,-15.845369974772135,0,0.0,0
147,52,team_2,19,"(125, 124, 129)",29.073877334594727,-16.30544005499946,0.0661009441976978,0.3888521771558312,1.9830283259309338
147,1,team_1,1,"(96, 92, 99)",35.84464073181152,-18.288004557291668,0.2989058192533914,1.8038665082045027,8.96717457760174
147,55,referee,REF,"(126, 127, 135)",26.745214462280273,-15.322604497273762,0.09338619481911649,0.7287344063334085,2.8015858445734945
147,147,unknown,147,"(75, 83, 133)",26.636362075805664,-20.599087609185112,0.4132158557655314,8.485117096604492,12.396475672965941
147,88,unknown,88,"(70, 77, 115)",32.47783660888672,-7.568867789374457,45.517460123039754,54.52399485250294,1365.5238036911926
147,135,unknown,31,"(107, 103, 116)",34.20989990234375,-17.829159418741863,0.275717804621076,0.5101355195324779,8.27153413863228
147,45,team_1,18,"(114, 111, 119)",24.785728454589844,-14.796506457858616,0.04838158522101603,0.34082440155131805,1.451447556630481
147,118,team_1,28,"(158, 155, 167)",35.20350456237793,-17.982093387179905,0.004701669207537255,0.6048130774881266,0.14105007622611765
147,126,unknown,29,"(153, 150, 151)",33.424062728881836,-17.768337461683483,0.14477336943619226,1.2368414658992646,4.343201083085768
147,65,referee,REF,"(133, 144, 151)",25.157251358032227,-14.765623516506619,0.0898725386942239,0.7368907503749973,2.696176160826717
147,54,team_1,20,"(128, 126, 132)",28.804807662963867,-16.12592845492893,0.034431440546324674,0.2932752415104069,1.0329432163897403
147,114,unknown,114,"(77, 86, 133)",2.1978378295898438,-1.5793461269802518,0.6290763321286155,179.61525790033605,18.872289963858464
148,52,team_2,19,"(120, 118, 124)",29.217500686645508,-16.35059716966417,0.15055508048267427,0.5394072576385055,4.5166524144802285
148,135,unknown,31,"(106, 101, 116)",34.420223236083984,-17.890658696492512,0.21913024866379685,0.7292657681962748,6.573907459913905
148,118,team_1,28,"(155, 151, 164)",35.37552833557129,-18.03122795952691,0.17890328321023993,0.7837163606983666,5.367098496307198
148,55,referee,REF,"(129, 128, 136)",26.695728302001953,-15.310434341430664,0.05096069811469319,0.7796951044481016,1.5288209434407958
148,1,team_1,1,"(91, 87, 94)",36.14571571350098,-18.376070658365887,0.3136905844263086,2.117557092630811,9.410717532789258
148,45,team_1,18,"(117, 114, 121)",24.778785705566406,-14.794438468085394,0.007244193930631109,0.34806859548194913,0.21732581791893327
148,65,referee,REF,"(130, 140, 147)",25.099306106567383,-14.749202092488606,0.06022719762784376,0.7971179480028411,1.8068159288353127
148,54,team_1,20,"(134, 131, 137)",28.892107009887695,-16.155636893378365,0.09221587329972447,0.3854911148101314,2.766476198991734
148,147,unknown,147,"(76, 85, 135)",29.938297271728516,-22.317442999945747,3.722300536903249,12.207417633507742,111.66901610709748
148,126,team_1,29,"(118, 114, 117)",34.05778884887695,-17.972733391655815,0.6658727290956734,1.902714194994938,19.976181872870203
148,158,unknown,33,"(158, 157, 163)",28.932008743286133,-16.12114757961697,0.13838383579214625,0.13838383579214625,4.151515073764387
148,114,unknown,114,"(77, 86, 135)",3.770580291748047,-2.4744974772135415,1.8096449353671369,181.4249028357032,54.28934806101411
149,52,team_2,19,"(118, 115, 119)",29.33246612548828,-16.387738121880425,0.12081598594491387,0.6602232435834193,3.624479578347416
149,135,unknown,31,"(116, 114, 123)",34.30624961853027,-17.869564480251736,0.11590923801445763,0.8451750062107324,3.4772771404337286
149,55,referee,REF,"(132, 132, 139)",26.642141342163086,-15.299294577704535,0.05473259175889951,0.8344276962070012,1.6419777527669852
149,1,team_1,1,"(99, 95, 103)",36.27976417541504,-18.41724310980903,0.14022895884717873,2.2577860514779897,4.206868765415362
149,45,team_1,18,"(118, 115, 121)",24.769506454467773,-14.794834772745768,0.009287710069511868,0.357356305551461,0.278631302085356
149,118,team_1,28,"(153, 150, 161)",35.46579360961914,-18.055640326605904,0.09350819945509231,0.877224560153459,2.8052459836527692
149,126,team_1,29,"(96, 92, 93)",34.293212890625,-18.048009660508896,0.2471659282454348,2.1498801232403726,7.414977847363044
149,65,referee,REF,"(135, 146, 152)",25.034465789794922,-14.733551661173502,0.06670234388311894,0.86382029188596,2.001070316493568
149,54,team_1,20,"(138, 137, 142)",28.95838737487793,-16.17745526631673,0.06977913857963791,0.4552702533897693,2.093374157389137
149,147,unknown,147,"(77, 86, 137)",35.55307388305664,-26.46284739176432,6.9792617064289875,19.18667933993673,209.37785119286963
149,114,unknown,114,"(75, 85, 136)",-3.6592674255371094,2.3331932491726346,8.849662548517152,190.27456538422035,265.48987645551455
149,158,unknown,33,"(162, 156, 162)",29.018678665161133,-16.14751264784071,0.09059134715998574,0.22897518295213198,2.717740414799572
150,54,team_1,20,"(134, 132, 137)",28.979568481445312,-16.185395770602756,0.022620585397712917,0.4778908387874822,0.6786175619313874
150,135,unknown,31,"(127, 124, 134)",34.24522399902344,-17.85063192579481,0.06389497518942722,0.9090699814001596,1.9168492556828165
150,52,team_2,19,"(124, 120, 125)",29.35980796813965,-16.39732509189182,0.028973890894588142,0.6891971344780075,0.8692167268376443
150,55,referee,REF,"(142, 139, 147)",26.5413761138916,-15.271974775526258,0.10440307859284848,0.9388307747998497,3.1320923577854543
150,118,team_1,28,"(157, 155, 165)",35.49992561340332,-18.06308364868164,0.03493417704550103,0.91215873719896,1.0480253113650309
150,1,team_1,1,"(100, 95, 103)",36.33387565612793,-18.433859083387585,0.05660514926139506,2.3143912007393848,1.6981544778418518
150,45,team_1,18,"(124, 122, 128)",24.712886810302734,-14.781061384412977,0.05827083602919636,0.41562714158065733,1.7481250808758908
150,65,referee,REF,"(135, 145, 151)",24.922561645507812,-14.701804055107964,0.1163204539172832,0.9801407458032432,3.4896136175184957
150,147,unknown,147,"(75, 84, 135)",35.27632713317871,-26.07513893975152,0.47634715001788425,19.663026489954614,14.290414500536528
150,114,unknown,114,"(76, 86, 136)",2.5358200073242188,-2.1973400115966797,7.67494885505652,197.94951423927688,230.2484656516956
150,126,team_1,29,"(113, 109, 111)",34.310598373413086,-18.050769382052952,0.017603155250566816,2.1674832784909395,0.5280946575170045
151,54,team_1,20,"(134, 132, 137)",28.979568481445312,-16.185395770602756,0.0,0.4778908387874822,0.0
151,135,unknown,31,"(127, 124, 134)",34.24522399902344,-17.85063192579481,0.0,0.9090699814001596,0.0
151,52,team_2,19,"(124, 120, 125)",29.35980796813965,-16.39732509189182,0.0,0.6891971344780075,0.0
151,55,referee,REF,"(142, 139, 147)",26.5413761138916,-15.271974775526258,0.0,0.9388307747998497,0.0
151,118,team_1,28,"(157, 155, 165)",35.49992561340332,-18.06308364868164,0.0,0.91215873719896,0.0
151,1,team_1,1,"(100, 95, 103)",36.33387565612793,-18.433859083387585,0.0,2.3143912007393848,0.0
151,45,team_1,18,"(124, 122, 128)",24.712886810302734,-14.781061384412977,0.0,0.41562714158065733,0.0
151,65,referee,REF,"(135, 145, 151)",24.922561645507812,-14.701804055107964,0.0,0.9801407458032432,0.0
151,147,unknown,147,"(75, 84, 135)",35.27632713317871,-26.07513893975152,0.0,19.663026489954614,0.0
151,114,unknown,114,"(76, 86, 136)",2.5358200073242188,-2.1973400115966797,0.0,197.94951423927688,0.0
151,126,team_1,29,"(113, 109, 111)",34.310598373413086,-18.050769382052952,0.0,2.1674832784909395,0.0
152,52,team_2,19,"(137, 135, 140)",29.40990447998047,-16.41701422797309,0.053826783093960766,0.7430239175719682,1.614803492818823
152,135,unknown,31,"(131, 127, 139)",34.28375244140625,-17.866033766004772,0.04149286148603001,0.9505628428861896,1.2447858445809001
152,55,referee,REF,"(140, 137, 144)",26.478328704833984,-15.253470950656467,0.0657066764011878,1.0045374512010374,1.971200292035634
152,54,team_1,20,"(132, 131, 136)",29.060888290405273,-16.209001117282444,0.08467658307438236,0.5625674218618646,2.540297492231471
152,45,team_1,18,"(114, 111, 116)",24.717702865600586,-14.785550435384113,0.006583765431227229,0.4222109070118846,0.1975129629368169
152,118,team_1,28,"(159, 157, 167)",35.49992561340332,-18.06308364868164,0.0,0.91215873719896,0.0
152,1,team_1,1,"(97, 91, 100)",36.489601135253906,-18.483959197998047,0.16358620459255235,2.477977405331937,4.907586137776571
152,114,unknown,114,"(77, 86, 137)",-16.259765625,11.148208618164062,23.05163134121621,221.0011455804931,691.5489402364864
152,65,referee,REF,"(129, 140, 147)",24.831228256225586,-14.675892935858831,0.09493773801034805,1.0750784838135912,2.8481321403104416
152,126,team_1,29,"(121, 116, 120)",34.264936447143555,-18.03710767957899,0.04766186762109865,2.215145146112038,1.4298560286329594
152,147,unknown,147,"(73, 82, 130)",25.1828670501709,-18.561663733588325,12.582934718137144,32.24596120809176,377.4880415441143
153,135,team_1,31,"(133, 129, 141)",34.28166389465332,-17.868797090318466,0.0034638113115216594,0.9540266541977113,0.10391433934564978
153,118,team_1,28,"(160, 158, 169)",35.49992561340332,-18.06308364868164,0.0,0.91215873719896,0.0
153,54,team_1,20,"(133, 132, 137)",29.103260040283203,-16.22490734524197,0.04525895795992485,0.6078263798217894,1.3577687387977455
153,114,unknown,114,"(77, 86, 138)",-5.070714950561523,3.1619815826416016,13.7468060747965,234.7479516552896,412.40418224389504
153,45,team_1,18,"(113, 109, 114)",24.68010902404785,-14.77583376566569,0.038829249195793544,0.46104015620767813,1.1648774758738063
153,55,referee,REF,"(140, 140, 146)",26.41216278076172,-15.23623890346951,0.06837304263077938,1.0729104938318168,2.0511912789233815
153,1,team_1,1,"(99, 93, 103)",36.6190242767334,-18.52599631415473,0.13607890609933365,2.6140563114312707,4.0823671829800094
153,52,team_2,19,"(127, 127, 132)",29.518451690673828,-16.455081091986763,0.11502861854835926,0.8580525361203274,3.4508585564507777
153,65,referee,REF,"(134, 144, 153)",24.741601943969727,-14.650464587741428,0.093163709332361,1.1682421931459521,2.79491127997083
153,147,unknown,147,"(78, 86, 132)",23.84099006652832,-17.61073790656196,1.6446561244635562,33.890617332555315,49.33968373390669
154,114,unknown,114,"(81, 90, 141)",-15.120010375976562,10.650017632378471,12.532319116166272,247.28027077145586,375.9695734849882
154,135,team_1,31,"(127, 124, 136)",34.16007041931152,-17.83439784579807,0.12636566491444678,1.080392319112158,3.7909699474334033
154,54,team_1,20,"(139, 138, 143)",28.99765968322754,-16.195198906792534,0.10969971160120556,0.7175260914229951,3.290991348036167
154,55,referee,REF,"(138, 139, 144)",26.226978302001953,-15.183995140923393,0.192412842342971,1.2653233361747878,5.7723852702891305
154,45,team_1,18,"(121, 118, 122)",24.554929733276367,-14.741376876831055,0.12983501848967488,0.5908751746973531,3.8950505546902465
154,1,team_1,1,"(90, 86, 98)",36.28415107727051,-18.425306108262802,0.3496835387619384,2.963739850193209,10.490506162858152
154,118,team_1,28,"(164, 161, 171)",35.137996673583984,-17.951160007052952,0.37883962178496544,1.2909983589839253,11.365188653548962
154,65,referee,REF,"(137, 149, 155)",24.566125869750977,-14.60581546359592,0.18106738223707003,1.3493095753830222,5.432021467112101
154,52,team_2,19,"(127, 125, 130)",29.567174911499023,-16.459523306952583,0.048925305531833975,0.9069778416521613,1.4677591659550193
155,114,unknown,114,"(81, 90, 141)",-15.120010375976562,10.650017632378471,0.0,247.28027077145586,0.0
155,135,team_1,31,"(127, 124, 136)",34.16007041931152,-17.83439784579807,0.0,1.080392319112158,0.0
155,54,team_1,20,"(139, 138, 143)",28.99765968322754,-16.195198906792534,0.0,0.7175260914229951,0.0
155,55,referee,REF,"(140, 141, 145)",26.226978302001953,-15.183995140923393,0.0,1.2653233361747878,0.0
155,45,team_1,18,"(119, 116, 120)",24.554929733276367,-14.741376876831055,0.0,0.5908751746973531,0.0
155,1,team_1,1,"(90, 86, 98)",36.28415107727051,-18.425306108262802,0.0,2.963739850193209,0.0
155,118,team_1,28,"(164, 161, 171)",35.137996673583984,-17.951160007052952,0.0,1.2909983589839253,0.0
155,65,referee,REF,"(137, 149, 155)",24.566125869750977,-14.60581546359592,0.0,1.3493095753830222,0.0
155,52,team_2,19,"(127, 125, 130)",29.567174911499023,-16.459523306952583,0.0,0.9069778416521613,0.0
155,166,unknown,166,"(187, 190, 188)",27.34325408935547,-15.821123335096571,0,0.0,0
156,135,team_1,31,"(125, 121, 133)",34.24238204956055,-17.854901207817925,0.08482683731207481,1.165219156424233,2.5448051193622443
156,54,team_1,20,"(142, 141, 146)",28.91683578491211,-16.173059887356228,0.08380118567481044,0.8013272770978055,2.5140355702443133
156,55,referee,REF,"(139, 140, 145)",26.056432723999023,-15.138038211398655,0.17662908465961982,1.4419524208344077,5.2988725397885945
156,45,team_1,18,"(121, 118, 123)",24.447011947631836,-14.714802847968206,0.11114147501460687,0.70201664971196,3.334244250438206
156,118,team_1,28,"(162, 159, 168)",34.75677490234375,-17.83628929985894,0.3981523806770392,1.6891507396609646,11.944571420311176
156,114,unknown,114,"(79, 87, 139)",-15.709342956542969,11.089152018229166,0.7349502699867022,248.01522104144257,22.048508099601065
156,1,team_1,1,"(104, 100, 110)",36.04593276977539,-18.352069007025825,0.2492220596645357,3.2129619098577447,7.476661789936071
156,65,referee,REF,"(137, 150, 156)",24.366941452026367,-14.5491943359375,0.207075793760649,1.5563853691436713,6.21227381281947
157,54,team_1,20,"(138, 137, 141)",28.826942443847656,-16.148060268825954,0.0933048428238818,0.8946321199216873,2.7991452847164537
157,118,team_1,28,"(161, 159, 168)",34.57158088684082,-17.780486000908745,0.1934187983413821,1.8825695380023468,5.8025639502414625
157,135,team_1,31,"(124, 119, 132)",34.32319641113281,-17.87999089558919,0.08461946270682973,1.2498386191310626,2.5385838812048918
157,52,team_2,19,"(127, 127, 130)",29.585981369018555,-16.473433600531685,0.023391859949365455,0.9303697016015268,0.7017557984809637
157,55,referee,REF,"(140, 141, 146)",25.921106338500977,-15.102266311645508,0.1399744956194349,1.5819269164538425,4.199234868583047
157,1,team_1,1,"(111, 106, 116)",36.07974052429199,-18.351312425401474,0.03381621920335121,3.246778129061096,1.0144865761005364
157,45,team_1,18,"(124, 121, 125)",24.34967041015625,-14.688394546508789,0.1008601670833554,0.8028768167953154,3.0258050125006624
157,167,unknown,34,"(131, 130, 138)",47.91640281677246,-21.647789001464844,0,0.0,0
157,65,referee,REF,"(137, 151, 157)",24.245281219482422,-14.521885342068142,0.12468758289743002,1.6810729520411014,3.7406274869229006
157,114,unknown,114,"(76, 85, 140)",6.916236877441406,-3.5416666666666665,26.94397369012777,274.95919473157034,808.319210703833
158,167,unknown,34,"(137, 136, 144)",47.51081466674805,-21.52186499701606,0.4246864753399194,0.4246864753399194,12.74059426019758
158,54,team_1,20,"(147, 146, 151)",28.815126419067383,-16.145761701795788,0.012037518515051365,0.9066696384367388,0.36112555545154096
158,135,team_1,31,"(134, 129, 142)",34.08225059509277,-17.806876288519966,0.2517948213011689,1.5016334404322316,7.553844639035068
158,45,team_1,18,"(127, 124, 129)",24.29769515991211,-14.678195105658636,0.0529665482318492,0.8558433650271646,1.588996446955476
158,55,referee,REF,"(140, 140, 146)",25.811433792114258,-15.069953070746527,0.11433377877225329,1.696260695226096,3.4300133631675984
158,1,team_1,1,"(114, 109, 119)",36.072893142700195,-18.351463741726345,0.006849053313696073,3.253627182374792,0.2054715994108822
158,118,team_1,28,"(153, 150, 159)",34.362592697143555,-17.72022247314453,0.2175034625276766,2.100073000530023,6.525103875830299
158,65,referee,REF,"(136, 150, 157)",24.15241241455078,-14.502423180474175,0.09488619848713942,1.7759591505282408,2.8465859546141825
158,52,team_2,19,"(144, 145, 148)",29.54726219177246,-16.471758312649197,0.03875540318592539,0.9691251047874522,1.1626620955777616
158,88,unknown,88,"(73, 81, 132)",17.478256225585938,-9.907767825656467,15.180838746749851,69.7048335992528,455.4251624024955
158,114,unknown,114,"(75, 84, 138)",-4.960575103759766,3.5710616641574435,13.843755528934755,288.8029502605051,415.31266586804264
159,52,team_2,19,"(148, 149, 152)",29.64254379272461,-16.502767350938583,0.1002005186395615,1.0693256234270136,3.006015559186845
159,54,team_1,20,"(147, 146, 151)",28.836774826049805,-16.152441236707897,0.022655456550655963,0.9293250949873947,0.6796636965196788
159,135,team_1,31,"(143, 139, 155)",33.716278076171875,-17.699751536051433,0.38132872590030736,1.8829621663325389,11.43986177700922
159,1,team_1,1,"(122, 117, 126)",36.053152084350586,-18.343155754937065,0.021418030470926393,3.2750452128457184,0.6425409141277918
159,118,team_1,28,"(146, 144, 154)",34.33558464050293,-17.71476067437066,0.027554788501265644,2.1276277890312887,0.8266436550379693
159,45,team_1,18,"(127, 124, 128)",24.2498779296875,-14.66775427924262,0.04894382864675245,0.9047871936739171,1.4683148594025734
159,167,unknown,34,"(131, 129, 137)",47.11237907409668,-21.398160298665363,0.4171975238247262,0.8418839991646456,12.515925714741785
159,88,unknown,88,"(74, 83, 137)",11.995840072631836,-6.2860296037462025,6.570682964671008,76.2755165639238,197.12048894013023
159,55,referee,REF,"(135, 137, 142)",25.746479034423828,-15.054742177327473,0.06671200660472038,1.7629727018308163,2.001360198141611
159,65,referee,REF,"(136, 150, 156)",24.04062271118164,-14.470470216539171,0.11626663185795001,1.8922257823861908,3.4879989557385005
159,114,unknown,114,"(76, 85, 142)",1.9879913330078125,-1.9414965311686196,8.869660274386467,297.6726105348916,266.089808231594
159,171,unknown,171,"(190, 191, 198)",23.897504806518555,-14.57259072197808,0,0.0,0
160,135,team_1,31,"(139, 134, 150)",33.925466537475586,-17.761503007676865,0.21811248609495196,2.101074652427491,6.543374582848559
160,52,team_2,19,"(149, 150, 152)",29.71477508544922,-16.52462895711263,0.07546714167886096,1.1447927651058747,2.2640142503658285
160,54,team_1,20,"(135, 134, 141)",28.874588012695312,-16.17077573140462,0.042023693079883,0.9713487880672776,1.26071079239649
160,118,team_1,28,"(138, 135, 147)",34.33558464050293,-17.71476067437066,0.0,2.1276277890312887,0.0
160,45,team_1,18,"(124, 120, 125)",24.19989585876465,-14.655270682440863,0.05151744949864872,0.9563046431725658,1.5455234849594617
160,167,unknown,34,"(120, 118, 125)",46.49301528930664,-21.225580427381725,0.6429582489413437,1.4848422481059893,19.28874746824031
160,1,team_1,1,"(123, 119, 127)",36.13311767578125,-18.36769782172309,0.08364692974034163,3.35869214258606,2.5094078922102487
160,55,referee,REF,"(135, 136, 143)",25.66655158996582,-15.033089531792534,0.0828084140425937,1.84578111587341,2.484252421277811
160,114,unknown,114,"(75, 83, 134)",-29.50735569000244,19.529174910651314,38.11753685985524,335.79014739474684,1143.5261057956573
160,65,referee,REF,"(134, 148, 154)",23.958759307861328,-14.449314753214518,0.08455276714374825,1.976778549529939,2.5365830143124475
160,88,unknown,88,"(73, 82, 136)",15.481042861938477,-8.824735641479492,4.311805518412704,80.5873220823365,129.35416555238112
160,171,unknown,171,"(188, 189, 196)",23.890419006347656,-14.572792477077908,0.007088671891279102,0.007088671891279102,0.21266015673837307
161,135,team_1,31,"(139, 134, 150)",33.925466537475586,-17.761503007676865,0.0,2.101074652427491,0.0
161,52,team_2,19,"(149, 150, 152)",29.71477508544922,-16.52462895711263,0.0,1.1447927651058747,0.0
161,54,team_1,20,"(135, 134, 141)",28.874588012695312,-16.17077573140462,0.0,0.9713487880672776,0.0
161,118,team_1,28,"(138, 135, 147)",34.33558464050293,-17.71476067437066,0.0,2.1276277890312887,0.0
161,45,team_1,18,"(124, 120, 125)",24.19989585876465,-14.655270682440863,0.0,0.9563046431725658,0.0
161,167,unknown,34,"(120, 118, 125)",46.49301528930664,-21.225580427381725,0.0,1.4848422481059893,0.0
161,1,team_1,1,"(123, 119, 127)",36.13311767578125,-18.36769782172309,0.0,3.35869214258606,0.0
161,55,referee,REF,"(135, 136, 143)",25.66655158996582,-15.033089531792534,0.0,1.84578111587341,0.0
161,114,unknown,114,"(75, 83, 134)",-29.50735569000244,19.529174910651314,0.0,335.79014739474684,0.0
161,65,referee,REF,"(134, 148, 154)",23.958759307861328,-14.449314753214518,0.0,1.976778549529939,0.0
161,88,unknown,88,"(73, 82, 136)",15.481042861938477,-8.824735641479492,0.0,80.5873220823365,0.0
161,171,unknown,171,"(188, 189, 196)",23.890419006347656,-14.572792477077908,0.0,0.007088671891279102,0.0
162,52,team_2,19,"(147, 148, 151)",29.75086212158203,-16.53411865234375,0.03731391821332189,1.1821066833191967,1.1194175463996567
162,118,team_1,28,"(149, 146, 158)",34.08548355102539,-17.636681450737846,0.2620055726906486,2.389633361721937,7.860167180719459
162,114,unknown,114,"(75, 84, 134)",-30.663771629333496,20.34323332044813,1.4142096447485606,337.2043570394954,42.42628934245682
162,135,team_1,31,"(144, 140, 152)",33.887014389038086,-17.742901908026802,0.0427149695967479,2.1437896220242387,1.281449087902437
162,54,team_1,20,"(142, 141, 147)",28.828725814819336,-16.160493426852756,0.047000712557497756,1.0183495006247754,1.4100213767249328
162,1,team_1,1,"(118, 113, 122)",35.875091552734375,-18.286260816786022,0.2705724781786227,3.6292646207646824,8.11717434535868
162,55,referee,REF,"(139, 139, 146)",25.537166595458984,-14.998665067884657,0.13388622228922098,1.979667338162631,4.016586668676629
162,45,team_1,18,"(124, 121, 126)",24.10511016845703,-14.630462010701496,0.09797855520757161,1.0542831983801375,2.9393566562271483
162,167,unknown,34,"(121, 120, 125)",45.3278923034668,-20.879981146918404,1.2152984961683768,2.700140744274366,36.458954885051305
162,88,unknown,88,"(71, 77, 116)",20.07282257080078,-11.309951358371311,5.221181672208477,85.80850375454497,156.63545016625432
162,65,referee,REF,"(139, 152, 159)",23.816242218017578,-14.41073269314236,0.1476472019949685,2.1244257515249076,4.429416059849055
163,114,unknown,114,"(77, 86, 135)",-29.50735569000244,19.529174910651314,1.4142096447485606,338.61856668424394,42.42628934245682
163,54,team_1,20,"(142, 140, 148)",28.766231536865234,-16.139871173434788,0.06580890603132244,1.0841584066560979,1.9742671809396732
163,52,team_2,19,"(147, 148, 151)",29.774150848388672,-16.54050636291504,0.024148864209666252,1.206255547528863,0.7244659262899875
163,118,team_1,28,"(147, 145, 158)",33.74417304992676,-17.533789952596027,0.35648214338177975,2.7461155051037167,10.694464301453392
163,135,team_1,31,"(139, 134, 147)",33.945980072021484,-17.75610966152615,0.06042678646261257,2.204216408486851,1.812803593878377
163,45,team_1,18,"(121, 118, 123)",24.008712768554688,-14.605012045966253,0.09970034810850706,1.1539835464886445,2.991010443255212
163,1,team_1,1,"(118, 114, 123)",35.73060989379883,-18.237436082628037,0.1525083749646742,3.7817729957293564,4.575251248940226
163,167,unknown,34,"(117, 114, 120)",44.18140411376953,-20.539908515082466,1.1958614317884553,3.8960021760628214,35.87584295365366
163,55,referee,REF,"(136, 137, 144)",25.420913696289062,-14.967973073323567,0.12023616384245642,2.0999035020050876,3.6070849152736923
163,65,referee,REF,"(136, 148, 154)",23.666095733642578,-14.369873682657877,0.1556066370947694,2.280032388619677,4.668199112843082
164,135,team_1,31,"(135, 130, 142)",33.906660079956055,-17.74392149183485,0.041165680565847095,2.2453820890526983,1.2349704169754128
164,118,team_1,28,"(155, 154, 165)",33.55360984802246,-17.47374979654948,0.19979778341641216,2.9459132885201287,5.993933502492365
164,54,team_1,20,"(146, 146, 152)",28.739261627197266,-16.141618516710068,0.027026454373817906,1.1111848610299158,0.8107936312145372
164,52,team_2,19,"(138, 139, 142)",29.818391799926758,-16.556380165947807,0.047002546906719775,1.2532580944355827,1.4100764072015932
164,45,team_1,18,"(107, 105, 111)",23.931617736816406,-14.585254457261827,0.07958647014499293,1.2335700166336374,2.387594104349788
164,1,team_1,1,"(118, 113, 122)",35.60696601867676,-18.19727961222331,0.13000134603367738,3.9117743417630337,3.9000403810103217
164,167,unknown,34,"(113, 111, 116)",43.23990821838379,-20.260643429226345,0.9820404824682265,4.878042658531048,29.461214474046795
164,65,referee,REF,"(137, 149, 155)",23.541574478149414,-14.336274252997503,0.12897466705945101,2.4090070556791283,3.8692400117835306
164,55,referee,REF,"(135, 136, 143)",25.300273895263672,-14.934067408243815,0.125313828909447,2.2252173309145347,3.75941486728341
164,114,unknown,114,"(76, 84, 135)",-14.519739151000977,8.978685590955946,18.328706293821075,356.94727297806503,549.8611888146322
165,118,team_1,28,"(159, 160, 169)",33.324785232543945,-17.409901512993706,0.23756537618497592,3.1834786647051048,7.126961285549277
165,135,team_1,31,"(120, 114, 126)",34.005584716796875,-17.77287334865994,0.10307421495072665,2.3484563040034248,3.0922264485217994
165,54,team_1,20,"(147, 146, 152)",28.735675811767578,-16.146608352661133,0.006144634660769115,1.117329495690685,0.18433903982307345
165,52,team_2,19,"(127, 128, 131)",29.913663864135742,-16.585479736328125,0.09961702271680227,1.352875117152385,2.988510681504068
165,45,team_1,18,"(121, 118, 125)",23.87150764465332,-14.571654001871744,0.06162950240487367,1.295199519038511,1.8488850721462102
165,1,team_1,1,"(124, 119, 128)",35.530099868774414,-18.173724704318577,0.08039427023868038,3.992168612001714,2.4118281071604115
165,167,unknown,34,"(109, 106, 112)",42.42799758911133,-20.024517907036675,0.8455496036040393,5.723592262135087,25.366488108121178
165,65,referee,REF,"(134, 148, 154)",23.447284698486328,-14.313299391004774,0.0970484767139508,2.5060555323930793,2.911454301418524
165,114,unknown,114,"(77, 86, 136)",-14.029779434204102,8.633778042263454,0.5991842297897512,357.54645720785476,17.975526893692535
165,55,referee,REF,"(130, 131, 137)",25.206584930419922,-14.908091439141167,0.09722331564144032,2.322440646555975,2.9166994692432096
166,118,team_1,28,"(159, 160, 169)",33.324785232543945,-17.409901512993706,0.0,3.1834786647051048,0.0
166,135,team_1,31,"(120, 114, 126)",34.005584716796875,-17.77287334865994,0.0,2.3484563040034248,0.0
166,54,team_1,20,"(147, 146, 152)",28.735675811767578,-16.146608352661133,0.0,1.117329495690685,0.0
166,52,team_2,19,"(127, 128, 131)",29.913663864135742,-16.585479736328125,0.0,1.352875117152385,0.0
166,45,team_1,18,"(121, 118, 125)",23.87150764465332,-14.571654001871744,0.0,1.295199519038511,0.0
166,1,team_1,1,"(124, 119, 128)",35.530099868774414,-18.173724704318577,0.0,3.992168612001714,0.0
166,167,unknown,34,"(109, 106, 112)",42.42799758911133,-20.024517907036675,0.0,5.723592262135087,0.0
166,65,referee,REF,"(134, 148, 154)",23.447284698486328,-14.313299391004774,0.0,2.5060555323930793,0.0
166,114,unknown,114,"(77, 86, 136)",-14.029779434204102,8.633778042263454,0.0,357.54645720785476,0.0
166,55,referee,REF,"(130, 131, 137)",25.206584930419922,-14.908091439141167,0.0,2.322440646555975,0.0
167,118,team_1,28,"(159, 159, 168)",33.213558197021484,-17.37886725531684,0.11547544579116734,3.2989541104962723,3.46426337373502
167,135,team_1,31,"(122, 116, 127)",33.98545265197754,-17.768351872762043,0.020633559513210414,2.3690898635166353,0.6190067853963124
167,52,team_2,19,"(124, 126, 129)",30.00309944152832,-16.614665773179794,0.09407734717056405,1.446952464322949,2.8223204151169217
167,54,team_1,20,"(144, 144, 149)",28.7429141998291,-16.15362654791938,0.01008212906146763,1.1274116247521526,0.3024638718440289
167,45,team_1,18,"(120, 117, 123)",23.83904457092285,-14.565165413750542,0.03310517983392418,1.3283046988724352,0.9931553950177253
167,1,team_1,1,"(123, 118, 127)",35.59715270996094,-18.18743684556749,0.06844053133060317,4.060609143332317,2.053215939918095
167,65,referee,REF,"(132, 143, 150)",23.35468292236328,-14.28668933444553,0.09634928152938697,2.6024048139224663,2.8904784458816093
167,114,unknown,114,"(79, 87, 136)",-13.096771240234375,7.976989534166124,1.1409975610768708,358.6874547689316,34.22992683230612
167,167,unknown,34,"(110, 108, 113)",42.07578659057617,-19.91533957587348,0.3687444853617633,6.092336747496851,11.062334560852898
167,55,referee,REF,"(127, 125, 132)",25.12165069580078,-14.882929695977104,0.0885829415259703,2.411023588081945,2.657488245779109
168,45,team_1,18,"(122, 120, 127)",23.81093978881836,-14.562074237399631,0.02827426653997255,1.3565789654124076,0.8482279961991764
168,118,team_1,28,"(160, 160, 171)",33.17093849182129,-17.36849488152398,0.04386371404076953,3.342817824537042,1.315911421223086
168,135,team_1,31,"(135, 130, 141)",33.92642021179199,-17.748331281873913,0.06233500664770999,2.4314248701643453,1.8700501994312997
168,54,team_1,20,"(143, 143, 148)",28.740062713623047,-16.157416661580402,0.004742987997748704,1.1321546127499014,0.1422896399324611
168,52,team_2,19,"(121, 121, 127)",30.106725692749023,-16.64244312710232,0.10728458105894628,1.5542370453818952,3.2185374317683886
168,55,referee,REF,"(120, 117, 125)",25.047168731689453,-14.862584855821398,0.07721059188247696,2.488234179964422,2.3163177564743087
168,167,unknown,34,"(109, 107, 113)",41.47581100463867,-19.737377166748047,0.6258125300621386,6.7181492775589895,18.774375901864158
168,1,team_1,1,"(123, 117, 127)",35.59715270996094,-18.18743684556749,0.0,4.060609143332317,0.0
168,65,referee,REF,"(133, 145, 152)",23.278636932373047,-14.268761952718098,0.07813055490136937,2.680535368823836,2.3439166470410813
168,114,unknown,114,"(80, 88, 137)",-13.555717468261719,8.300057093302408,0.5612524280453519,359.24870719697697,16.837572841360558
169,45,team_1,18,"(116, 113, 120)",23.746461868286133,-14.54666879442003,0.06629275910352395,1.4228717245159315,1.9887827731057184
169,52,team_2,19,"(132, 132, 136)",30.100116729736328,-16.63936275906033,0.007291574547194967,1.56152861992909,0.218747236415849
169,118,team_1,28,"(165, 164, 174)",32.886037826538086,-17.2824895646837,0.29759923320399945,3.6404170577410415,8.927976996119984
169,54,team_1,20,"(143, 143, 148)",28.66046905517578,-16.133793301052517,0.08302537941888875,1.21517999216879,2.490761382566663
169,135,team_1,31,"(142, 138, 149)",33.67420196533203,-17.671840879652233,0.26356180580534033,2.6949866759696857,7.90685417416021
169,167,unknown,34,"(122, 121, 127)",40.322160720825195,-19.39951663547092,1.20210595037949,7.92025522793848,36.0631785113847
169,65,referee,REF,"(131, 144, 151)",23.15349578857422,-14.236538781060112,0.12922321255478442,2.8097585813786203,3.8766963766435323
169,1,team_1,1,"(129, 124, 132)",35.40132522583008,-18.122911241319443,0.20618427957678429,4.266793422909101,6.1855283873035285
169,55,referee,REF,"(119, 117, 125)",24.92293357849121,-14.827447043524847,0.12910863310862808,2.61734281307305,3.873258993258842
169,114,unknown,114,"(83, 91, 138)",-15.550651550292969,9.704387876722548,2.4396530369934344,361.6883602339704,73.18959110980303
170,45,team_1,18,"(116, 113, 120)",23.746461868286133,-14.54666879442003,0.0,1.4228717245159315,0.0
170,52,team_2,19,"(132, 132, 136)",30.100116729736328,-16.63936275906033,0.0,1.56152861992909,0.0
170,118,team_1,28,"(165, 164, 174)",32.886037826538086,-17.2824895646837,0.0,3.6404170577410415,0.0
170,54,team_1,20,"(142, 142, 148)",28.66046905517578,-16.133793301052517,0.0,1.21517999216879,0.0
170,135,team_1,31,"(142, 138, 149)",33.67420196533203,-17.671840879652233,0.0,2.6949866759696857,0.0
170,167,unknown,34,"(122, 121, 127)",40.322160720825195,-19.39951663547092,0.0,7.92025522793848,0.0
170,65,referee,REF,"(131, 144, 151)",23.15349578857422,-14.236538781060112,0.0,2.8097585813786203,0.0
170,1,team_1,1,"(129, 124, 132)",35.40132522583008,-18.122911241319443,0.0,4.266793422909101,0.0
170,55,referee,REF,"(119, 117, 125)",24.92293357849121,-14.827447043524847,0.0,2.61734281307305,0.0
170,114,unknown,114,"(83, 91, 138)",-15.550651550292969,9.704387876722548,0.0,361.6883602339704,0.0
171,135,team_1,31,"(147, 142, 153)",33.4650993347168,-17.605330149332683,0.21942558505755666,2.9144122610272425,6.5827675517266995
171,52,team_2,19,"(141, 141, 147)",30.056400299072266,-16.62855445014106,0.04503271979017199,1.6065613397192622,1.3509815937051597
171,118,team_1,28,"(162, 162, 172)",32.69752502441406,-17.227990468343098,0.19623258665826512,3.836649644399307,5.886977599747953
171,54,team_1,20,"(145, 144, 150)",28.572540283203125,-16.107554329766167,0.0917602994479927,1.3069402916167827,2.752808983439781
171,45,team_1,18,"(120, 114, 121)",23.6948299407959,-14.530942704942492,0.053973751274229445,1.476845475790161,1.6192125382268834
171,55,referee,REF,"(112, 109, 117)",24.781408309936523,-14.787121242947048,0.1471583223325029,2.764501135405553,4.4147496699750866
171,65,referee,REF,"(130, 143, 150)",23.015470504760742,-14.198587205674913,0.143147829344385,2.9529064107230054,4.29443488033155
171,167,team_1,34,"(120, 118, 123)",39.27265167236328,-19.092157151963974,1.093590003111353,9.013845231049833,32.80770009334059
171,1,team_1,1,"(127, 122, 130)",35.099172592163086,-18.03048578898112,0.3159725910135925,4.582766013922694,9.479177730407775
171,114,unknown,114,"(84, 92, 138)",-7.057714462280273,3.725804222954644,10.386214078577542,372.07457431254795,311.5864223573262
172,54,team_1,20,"(147, 147, 153)",28.505001068115234,-16.08987193637424,0.06981556137964642,1.3767558529964292,2.0944668413893925
172,52,team_2,19,"(139, 138, 145)",30.077495574951172,-16.63520876566569,0.022119913641524807,1.628681253360787,0.6635974092457442
172,118,team_1,28,"(157, 156, 167)",32.56833076477051,-17.186580234103733,0.1356685823048405,3.9723182267041475,4.0700574691452145
172,135,team_1,31,"(153, 149, 160)",33.44636917114258,-17.599522484673393,0.01960989536718029,2.934022156394423,0.5882968610154087
172,55,referee,REF,"(116, 113, 122)",24.674930572509766,-14.758756637573242,0.11019101327029046,2.8746921486758437,3.3057303981087136
172,65,referee,REF,"(129, 142, 150)",22.93320655822754,-14.182000054253471,0.08391954773171473,3.0368259584547204,2.517586431951442
172,167,team_1,34,"(119, 118, 123)",38.75143051147461,-18.929268731011284,0.5460807048766653,9.559925935926499,16.382421146299958
172,1,team_1,1,"(129, 123, 132)",34.54249382019043,-17.887823316786022,0.5746684575803703,5.1574344715030636,17.24005372741111
172,114,unknown,114,"(86, 94, 138)",-5.743074417114258,2.800367991129557,1.6077035384450455,373.682277850993,48.23110615335137
172,147,unknown,147,"(98, 101, 131)",21.844863891601562,-15.895041359795464,2.632134940844448,36.52275227339976,78.96404822533344
173,54,team_1,20,"(150, 149, 155)",28.476572036743164,-16.082118776109482,0.029467292356869075,1.4062231453532983,0.8840187707060723
173,135,team_1,31,"(151, 147, 158)",33.46613883972168,-17.607322480943466,0.021252758351345085,2.9552749147457678,0.6375827505403525
173,118,team_1,28,"(155, 154, 166)",32.419700622558594,-17.13932630750868,0.1559610616550958,4.128279288359243,4.678831849652874
173,52,team_2,19,"(135, 135, 140)",30.145912170410156,-16.66070556640625,0.073013131573725,1.701694384934512,2.1903939472117497
173,55,referee,REF,"(106, 103, 112)",24.562664031982422,-14.726980209350586,0.11667697935997204,2.991369128035816,3.500309380799161
173,65,referee,REF,"(129, 141, 149)",22.849807739257812,-14.161309348212347,0.08592711051830756,3.122753068973028,2.577813315549227
173,167,team_1,34,"(115, 113, 121)",38.166561126708984,-18.755780961778427,0.6100575409824172,10.169983476908916,18.301726229472514
173,1,team_1,1,"(117, 111, 121)",34.53682899475098,-17.867179446750217,0.021406999259930844,5.178841470762994,0.6422099777979253
174,52,team_2,19,"(132, 132, 136)",30.2712345123291,-16.703185823228623,0.13232634508571514,1.8340207300202271,3.9697903525714544
174,54,team_1,20,"(155, 155, 160)",28.504676818847656,-16.093078401353623,0.030166076354623726,1.436389221707922,0.9049822906387118
174,135,team_1,31,"(145, 141, 152)",33.59941482543945,-17.651989618937176,0.14056187813768434,3.095836792883452,4.21685634413053
174,55,referee,REF,"(106, 104, 112)",24.486379623413086,-14.70586077372233,0.07915391052897776,3.0705230385647937,2.3746173158693327
174,118,team_1,28,"(152, 151, 164)",32.23594665527344,-17.09323607550727,0.18944611365498598,4.317725402014229,5.683383409649579
174,167,team_1,34,"(115, 112, 120)",37.78292655944824,-18.63806406656901,0.40128885932091546,10.571272336229832,12.038665779627463
174,65,referee,REF,"(131, 142, 149)",22.753477096557617,-14.133380677964952,0.1002975739727557,3.223050642945784,3.008927219182671
174,1,team_1,1,"(117, 112, 119)",34.6550178527832,-17.878780364990234,0.11875684176910972,5.297598312532104,3.5627052530732914
174,114,unknown,114,"(90, 97, 138)",-8.981609344482422,4.862420399983724,3.8392927229692697,377.52157057396226,115.1787816890781
174,147,unknown,147,"(96, 98, 130)",21.819705963134766,-15.910158581203884,0.029350498255594857,36.552102771655356,0.8805149476678457
175,135,team_1,31,"(134, 130, 140)",33.5813045501709,-17.648026572333443,0.018538818966864733,3.114375611850317,0.556164569005942
175,54,team_1,20,"(148, 146, 155)",28.551692962646484,-16.10883691575792,0.049586778015339096,1.485975999723261,1.487603340460173
175,118,team_1,28,"(162, 161, 173)",32.24774360656738,-17.082669152153862,0.01583754807375599,4.333562950087985,0.47512644221267974
175,52,team_2,19,"(136, 136, 142)",30.35400390625,-16.732224146525066,0.08771543073998808,1.9217361607602153,2.6314629221996424
175,55,referee,REF,"(103, 100, 109)",24.41826820373535,-14.687133577134874,0.07063903582681234,3.141162074391606,2.1191710748043704
175,1,team_1,1,"(107, 103, 109)",35.12958526611328,-17.989039527045357,0.4872076688763211,5.784805981408425,14.616230066289633
175,65,referee,REF,"(138, 146, 151)",22.70054817199707,-14.116350385877821,0.05560127609784757,3.2786519190436314,1.668038282935427
175,167,team_1,34,"(116, 113, 121)",37.66496658325195,-18.60309558444553,0.12303394135867282,10.694306277588504,3.691018240760185
175,114,unknown,114,"(90, 96, 137)",-1.9040298461914062,0.09788364834255642,8.531877988600673,386.05344856256295,255.9563396580202
176,135,team_1,31,"(134, 130, 140)",33.5813045501709,-17.648026572333443,0.0,3.114375611850317,0.0
176,54,team_1,20,"(148, 146, 155)",28.551692962646484,-16.10883691575792,0.0,1.485975999723261,0.0
176,118,team_1,28,"(162, 161, 173)",32.24774360656738,-17.082669152153862,0.0,4.333562950087985,0.0
176,52,team_2,19,"(136, 136, 142)",30.35400390625,-16.732224146525066,0.0,1.9217361607602153,0.0
176,55,referee,REF,"(103, 100, 109)",24.41826820373535,-14.687133577134874,0.0,3.141162074391606,0.0
176,1,team_1,1,"(107, 103, 109)",35.12958526611328,-17.989039527045357,0.0,5.784805981408425,0.0
176,167,team_1,34,"(116, 113, 121)",37.66496658325195,-18.60309558444553,0.0,10.694306277588504,0.0
176,177,unknown,177,"(180, 180, 182)",29.65806007385254,-16.512296676635742,0,0.0,0
176,114,unknown,114,"(90, 96, 137)",-1.9040298461914062,0.09788364834255642,0.0,386.05344856256295,0.0
177,135,team_1,31,"(139, 135, 143)",33.61961364746094,-17.661569383409287,0.0406324336831266,3.1550080455334437,1.218973010493798
177,118,team_1,28,"(164, 164, 175)",32.23340034484863,-17.071086247762043,0.018436182654838783,4.351999132742824,0.5530854796451635
177,54,team_1,20,"(144, 142, 152)",28.64649772644043,-16.13951089647081,0.0996435463580083,1.5856195460812694,2.989306390740249
177,52,team_2,19,"(144, 143, 147)",30.46900749206543,-16.77145110236274,0.12150958322164415,2.0432457439818594,3.6452874966493245
177,55,referee,REF,"(103, 101, 111)",24.36079978942871,-14.670031229654947,0.05995922724855502,3.2011213016401614,1.7987768174566505
177,1,team_1,1,"(113, 108, 115)",34.809818267822266,-17.918965657552082,0.3273549761066828,6.112160957515108,9.820649283200483
177,167,team_1,34,"(113, 111, 117)",37.5638484954834,-18.569200727674694,0.10664768628284721,10.800953963871352,3.1994305884854164
177,114,unknown,114,"(91, 97, 137)",-1.9040298461914062,0.09788364834255642,0.0,386.05344856256295,0.0
178,135,team_1,31,"(143, 138, 147)",33.789710998535156,-17.70765601264106,0.17623020807004955,3.3312382536034932,5.2869062421014865
178,52,team_2,19,"(146, 145, 149)",30.632410049438477,-16.819223827785915,0.17024285315516194,2.2134885971370215,5.107285594654858
178,118,team_1,28,"(169, 169, 180)",32.28541374206543,-17.08180809020996,0.05310698066648363,4.405106113409308,1.5932094199945088
178,54,team_1,20,"(146, 145, 153)",28.751163482666016,-16.17436769273546,0.11031734574448838,1.6959368918257578,3.3095203723346516
178,55,referee,REF,"(111, 109, 117)",24.32642936706543,-14.661312527126736,0.035459014470311884,3.2365803161104734,1.0637704341093566
178,167,team_1,34,"(109, 108, 113)",37.37100601196289,-18.51206800672743,0.20112774859077862,11.00208171246213,6.033832457723358
178,1,team_1,1,"(127, 121, 132)",34.771270751953125,-17.91886478000217,0.03854764786548882,6.150708605380597,1.1564294359646645
179,135,team_1,31,"(138, 132, 139)",34.11089897155762,-17.789536158243816,0.3314605138748893,3.6626987674783824,9.943815416246679
179,118,team_1,28,"(166, 168, 178)",32.40140914916992,-17.111660639444988,0.11977524437531573,4.524881357784624,3.5932573312594718
179,52,team_2,19,"(148, 147, 149)",30.859947204589844,-16.887089199490017,0.23744234173987,2.4509309388768914,7.1232702521961
179,54,team_1,20,"(139, 136, 144)",28.866233825683594,-16.212488598293728,0.12122040786421066,1.8171572996899685,3.6366122359263198
179,55,referee,REF,"(116, 112, 122)",24.29515838623047,-14.651999367607964,0.0326283493698745,3.269208665480348,0.978850481096235
179,167,team_1,34,"(116, 111, 115)",36.95683479309082,-18.400713602701824,0.4288794723904071,11.430961184852539,12.866384171712212
179,1,team_1,1,"(96, 89, 100)",35.392866134643555,-18.071499718560112,0.6400611254018231,6.79076973078242,19.201833762054694
180,52,team_2,19,"(148, 147, 149)",31.06760025024414,-16.949543211195202,0.2168416264179387,2.66777256529483,6.505248792538161
180,54,team_1,20,"(142, 140, 144)",29.00604248046875,-16.255058924357098,0.14614613444760213,1.9633034341375706,4.384384033428064
180,118,team_1,28,"(158, 160, 169)",32.56763458251953,-17.15903706020779,0.1728450749560412,4.697726432740665,5.1853522486812365
180,135,team_1,31,"(133, 128, 134)",34.383554458618164,-17.871974733140732,0.28484580610438764,3.94754457358277,8.54537418313163
180,1,team_1,1,"(105, 99, 108)",35.55673599243164,-18.121232350667317,0.17125029923418544,6.962020030016606,5.137508977025563
180,167,team_1,34,"(121, 116, 123)",37.1540641784668,-18.455454084608288,0.20468500388435246,11.63564618873689,6.140550116530574
180,55,referee,REF,"(119, 117, 124)",24.25044059753418,-14.635675218370226,0.04760418546957706,3.3168128509499253,1.4281255640873118
181,52,team_2,19,"(148, 147, 149)",31.06760025024414,-16.949543211195202,0.0,2.66777256529483,0.0
181,54,team_1,20,"(142, 140, 144)",29.00604248046875,-16.255058924357098,0.0,1.9633034341375706,0.0
181,118,team_1,28,"(157, 159, 168)",32.56763458251953,-17.15903706020779,0.0,4.697726432740665,0.0
181,135,team_1,31,"(133, 128, 134)",34.383554458618164,-17.871974733140732,0.0,3.94754457358277,0.0
181,1,team_1,1,"(105, 99, 108)",35.55673599243164,-18.121232350667317,0.0,6.962020030016606,0.0
181,167,team_1,34,"(121, 116, 123)",37.1540641784668,-18.455454084608288,0.0,11.63564618873689,0.0
181,55,referee,REF,"(119, 117, 124)",24.25044059753418,-14.635675218370226,0.0,3.3168128509499253,0.0
182,118,team_1,28,"(152, 154, 162)",32.69786834716797,-17.198148727416992,0.13597998369755734,4.833706416438222,4.07939951092672
182,54,team_1,20,"(145, 143, 147)",29.093599319458008,-16.2846196492513,0.09241231795632869,2.0557157520938993,2.7723695386898606
182,52,team_2,19,"(145, 144, 146)",31.266393661499023,-17.008005354139538,0.2072115887589228,2.874984154053753,6.216347662767683
182,1,team_1,1,"(107, 101, 110)",35.735673904418945,-18.170237223307293,0.18552696270040292,7.147546992717009,5.565808881012088
182,135,team_1,31,"(126, 122, 128)",34.66352462768555,-17.958495246039497,0.2930342893244481,4.240578862907218,8.791028679733442
182,167,team_1,34,"(125, 122, 127)",36.980600357055664,-18.411500295003254,0.17894589394338437,11.814592082680274,5.368376818301531
182,55,referee,REF,"(120, 115, 125)",24.21330451965332,-14.62462912665473,0.038744088872502885,3.3555569398224283,1.1623226661750865
183,1,team_1,1,"(104, 97, 107)",35.74193000793457,-18.169459025065105,0.006304317861780068,7.153851310578789,0.18912953585340203
183,54,team_1,20,"(154, 151, 155)",29.13578987121582,-16.29669253031413,0.0438839049628203,2.0995996570567197,1.3165171488846088
183,135,team_1,31,"(126, 122, 128)",34.77339744567871,-17.992454952663845,0.11500129480910519,4.355580157716323,3.4500388442731555
183,118,team_1,28,"(148, 149, 157)",32.58920669555664,-17.165514840020073,0.1134562697145312,4.947162686152753,3.403688091435936
183,55,referee,REF,"(121, 117, 125)",24.13994789123535,-14.602807150946722,0.0765336106338439,3.432090550456272,2.296008319015317
183,167,team_1,34,"(116, 112, 118)",36.764469146728516,-18.347313351101345,0.225461002936084,12.040053085616359,6.76383008808252
183,52,team_2,19,"(139, 138, 140)",31.403894424438477,-17.033412085639107,0.13982832979916074,3.014812483852914,4.194849893974822
183,147,unknown,147,"(91, 97, 132)",21.913118362426758,-16.49557622273763,0.5928234908979391,37.1449262625533,17.784704726938173
184,1,team_1,1,"(115, 109, 118)",35.629377365112305,-18.135348002115887,0.11760807494776296,7.271459385526552,3.5282422484328886
184,135,team_1,31,"(120, 116, 122)",34.792985916137695,-18.00039545694987,0.021136692816968766,4.376716850533292,0.6341007845090629
184,118,team_1,28,"(143, 145, 152)",32.51222610473633,-17.134624693128796,0.08294704659003276,5.030109732742786,2.4884113977009825
184,54,team_1,20,"(154, 152, 155)",29.182090759277344,-16.3077818552653,0.04761034932825432,2.147210006384974,1.4283104798476296
184,55,referee,REF,"(113, 111, 119)",24.03803825378418,-14.572489844428167,0.1063236252202176,3.5384141756764897,3.189708756606528
184,167,team_1,34,"(116, 112, 119)",36.493330001831055,-18.263145446777344,0.28390257486331566,12.323955660479674,8.51707724589947
184,181,unknown,35,"(184, 184, 189)",29.29401397705078,-16.287948608398438,0,0.0,0
184,147,unknown,147,"(90, 96, 132)",22.92656898498535,-16.908486048380535,1.0943384707104362,38.23926473326373,32.830154121313086
185,1,team_1,1,"(115, 109, 118)",35.629377365112305,-18.135348002115887,0.0,7.271459385526552,0.0
185,118,team_1,28,"(143, 145, 152)",32.51222610473633,-17.134624693128796,0.0,5.030109732742786,0.0
185,135,team_1,31,"(120, 116, 122)",34.792985916137695,-18.00039545694987,0.0,4.376716850533292,0.0
185,54,team_1,20,"(154, 152, 155)",29.182090759277344,-16.3077818552653,0.0,2.147210006384974,0.0
185,55,referee,REF,"(113, 111, 119)",24.03803825378418,-14.572489844428167,0.0,3.5384141756764897,0.0
185,167,team_1,34,"(116, 112, 119)",36.493330001831055,-18.263145446777344,0.0,12.323955660479674,0.0
185,181,unknown,35,"(184, 184, 189)",29.29401397705078,-16.287948608398438,0.0,0.0,0.0
185,147,unknown,147,"(90, 96, 132)",22.92656898498535,-16.908486048380535,0.0,38.23926473326373,0.0
186,118,team_1,28,"(148, 151, 157)",32.41727828979492,-17.100913577609592,0.10075478585008556,5.130864518592872,3.022643575502567
186,135,team_1,31,"(117, 112, 120)",34.7758674621582,-17.99132368299696,0.019373656064375383,4.396090506597667,0.5812096819312615
186,54,team_1,20,"(153, 152, 155)",29.254722595214844,-16.330454084608288,0.07608819602956118,2.2232982024145356,2.2826458808868355
186,167,team_1,34,"(106, 102, 108)",36.19940757751465,-18.183084699842663,0.30463111252098424,12.62858677300066,9.138933375629527
186,1,team_1,1,"(115, 108, 117)",35.613040924072266,-18.125029669867622,0.019322196723981548,7.290781582250534,0.5796659017194464
186,52,team_2,19,"(134, 135, 134)",31.615848541259766,-17.110374450683594,0.22549446394697484,3.2403069477998887,6.764833918409245
186,55,referee,REF,"(113, 111, 118)",23.955841064453125,-14.548041449652777,0.08575606066639604,3.6241702363428856,2.5726818199918813
186,181,unknown,35,"(186, 186, 191)",29.367198944091797,-16.309071646796333,0.07617231880383793,0.07617231880383793,2.285169564115138
186,147,unknown,147,"(90, 96, 132)",23.998613357543945,-17.54282569885254,1.2456588332667549,39.48492356653048,37.369764998002644
187,118,team_1,28,"(160, 162, 168)",32.289085388183594,-17.062515258789062,0.13382021862100926,5.264684737213881,4.014606558630278
187,54,team_1,20,"(148, 146, 150)",29.332590103149414,-16.352463404337566,0.08091822382433991,2.3042164262388756,2.4275467147301972
187,135,team_1,31,"(119, 115, 121)",34.68762397766113,-17.96405792236328,0.0923598086784384,4.488450315276105,2.770794260353152
187,167,team_1,34,"(106, 102, 106)",35.97426414489746,-18.112650553385418,0.23590365456645793,12.864490427567118,7.077109636993738
187,52,team_2,19,"(123, 121, 122)",31.703929901123047,-17.13695928785536,0.09200586678475502,3.3323128145846437,2.7601760035426506
187,55,referee,REF,"(125, 122, 130)",23.87984275817871,-14.526878780788845,0.07888980358718146,3.703060039930067,2.366694107615444
187,1,team_1,1,"(126, 120, 128)",35.56262016296387,-18.107066260443794,0.05352510839669791,7.344306690647232,1.6057532519009374
187,147,unknown,147,"(89, 95, 135)",22.610092163085938,-16.57253138224284,1.693948691166346,41.17887225769683,50.81846073499038
188,118,team_1,28,"(170, 172, 178)",32.12637901306152,-17.016360176934135,0.1691261543534851,5.433810891567366,5.073784630604553
188,52,team_2,19,"(121, 118, 120)",31.85288429260254,-17.180354648166233,0.1551469240350464,3.48745973861969,4.654407721051392
188,54,team_1,20,"(146, 144, 148)",29.353818893432617,-16.359085294935436,0.022237602658074004,2.3264540288969497,0.6671280797422201
188,167,team_1,34,"(112, 108, 112)",35.64846992492676,-18.01590177747938,0.339856145163855,13.204346572730973,10.195684354915649
188,135,team_1,31,"(121, 116, 121)",34.62400436401367,-17.942509757147896,0.0671697749348749,4.55562009021098,2.015093248046247
188,55,referee,REF,"(126, 124, 132)",23.768014907836914,-14.492166095309788,0.11709158229879414,3.8201516222288614,3.5127474689638243
188,1,team_1,1,"(118, 112, 119)",35.540199279785156,-18.097562154134113,0.02435208490579641,7.368658775553029,0.7305625471738922
188,147,unknown,147,"(87, 94, 136)",22.562179565429688,-16.542599572075737,0.056493630384753676,41.23536588808158,1.6948089115426104
189,118,team_1,28,"(174, 176, 182)",32.06439971923828,-16.99778429667155,0.0647031389528953,5.498514030520261,1.941094168586859
189,52,team_2,19,"(124, 121, 122)",31.89560890197754,-17.190255059136284,0.04385670283573814,3.531316441455428,1.3157010850721442
189,167,team_1,34,"(113, 109, 113)",35.27076721191406,-17.903736750284832,0.3940054983660819,13.598352071097056,11.820164950982457
189,55,referee,REF,"(124, 122, 131)",23.684959411621094,-14.468874189588758,0.08625965640885348,3.906411278637715,2.5877896922656043
189,54,team_1,20,"(147, 145, 149)",29.393033981323242,-16.367807600233288,0.04017339577355109,2.366627424670501,1.2052018732065328
189,1,team_1,1,"(117, 111, 117)",35.65920829772949,-18.13082292344835,0.12356951536463222,7.492228290917661,3.7070854609389667
189,135,team_1,31,"(123, 117, 122)",34.738779067993164,-17.974124060736763,0.1190491363470946,4.674669226558075,3.571474090412838
189,147,unknown,147,"(87, 94, 136)",23.11680793762207,-16.934404373168945,0.679060846611304,41.91442673469289,20.37182539833912
189,181,unknown,35,"(180, 180, 186)",29.465255737304688,-16.33195643954807,0.10069184889793954,0.17686416770177749,3.020755466938186
190,52,team_2,19,"(126, 123, 124)",31.977205276489258,-17.21108627319336,0.08421346574359924,3.6155299071990274,2.526403972307977
190,118,team_1,28,"(169, 169, 178)",32.04930305480957,-16.9958135816786,0.015224749405377576,5.513738779925639,0.4567424821613273
190,54,team_1,20,"(143, 142, 146)",29.413776397705078,-16.369511710272896,0.02081229993019868,2.3874397246006995,0.6243689979059605
190,135,team_1,31,"(120, 114, 119)",34.80836868286133,-17.993658277723522,0.07227932021529533,4.74694854677337,2.16837960645886
190,167,team_1,34,"(124, 120, 124)",34.99238967895508,-17.82443979051378,0.28945130624210774,13.887803377339162,8.683539187263232
190,1,team_1,1,"(107, 101, 107)",35.706472396850586,-18.13675308227539,0.047634670665834496,7.539862961583496,1.4290401199750349
190,55,referee,REF,"(127, 125, 134)",23.598766326904297,-14.441820992363823,0.09033893586426718,3.996750214501982,2.7101680759280153
190,147,unknown,147,"(88, 95, 136)",24.095020294189453,-17.551194932725693,1.1564298547250664,43.07085658941796,34.692895641751996
191,52,team_2,19,"(126, 123, 124)",31.977205276489258,-17.21108627319336,0.0,3.6155299071990274,0.0
191,118,team_1,28,"(169, 169, 178)",32.04930305480957,-16.9958135816786,0.0,5.513738779925639,0.0
191,54,team_1,20,"(143, 142, 146)",29.413776397705078,-16.369511710272896,0.0,2.3874397246006995,0.0
191,135,team_1,31,"(120, 114, 119)",34.80836868286133,-17.993658277723522,0.0,4.74694854677337,0.0
191,167,team_1,34,"(124, 120, 124)",34.99238967895508,-17.82443979051378,0.0,13.887803377339162,0.0
191,1,team_1,1,"(107, 101, 107)",35.67760467529297,-18.128034379747177,0.030155615094101307,7.570018576677597,0.9046684528230392
191,55,referee,REF,"(127, 125, 134)",23.598766326904297,-14.441820992363823,0.0,3.996750214501982,0.0
191,147,unknown,147,"(88, 95, 136)",24.095020294189453,-17.551194932725693,0.0,43.07085658941796,0.0
191,184,referee,REF,"(181, 181, 180)",33.03016662597656,-17.66004541185167,0,0.0,0
191,185,unknown,185,"(113, 110, 110)",34.04850959777832,-17.9056462181939,0,0.0,0
192,52,team_2,19,"(131, 128, 130)",32.06866264343262,-17.237346861097546,0.09515286882320356,3.710682776022231,2.854586064696107
192,135,team_1,31,"(118, 113, 117)",35.06546974182129,-18.06902821858724,0.2679208511932831,5.014869397966653,8.037625535798494
192,1,team_1,1,"(108, 102, 109)",35.748329162597656,-18.143713633219402,0.07244164612953782,7.642460222807135,2.1732493838861346
192,54,team_1,20,"(139, 138, 142)",29.479312896728516,-16.385039647420246,0.06735094309882446,2.454790667699524,2.020528292964734
192,167,team_1,34,"(109, 105, 109)",34.88072395324707,-17.784535513983833,0.11858155667419112,14.006384934013354,3.557446700225734
192,55,referee,REF,"(130, 129, 139)",23.524274826049805,-14.418262481689453,0.07812801754011943,4.074878232042101,2.343840526203583
192,118,team_1,28,"(162, 160, 171)",32.105674743652344,-17.010152604844833,0.058166785095518515,5.571905565021157,1.7450035528655554
192,147,unknown,147,"(86, 94, 136)",24.03416633605957,-17.565458297729492,0.06250318232942334,43.13335977174738,1.8750954698827003
193,52,team_2,19,"(135, 131, 135)",32.32785224914551,-17.312363730536568,0.2698273196139245,3.9805100956361557,8.094819588417735
193,135,team_1,31,"(134, 129, 134)",35.2960205078125,-18.142128414577908,0.24186213914750765,5.256731537114161,7.25586417442523
193,54,team_1,20,"(130, 128, 132)",29.54631805419922,-16.4058780670166,0.07017072651004469,2.5249613942095688,2.105121795301341
193,1,team_1,1,"(117, 111, 118)",35.761423110961914,-18.1419194539388,0.013216299143738725,7.655676521950874,0.39648897431216173
193,118,team_1,28,"(162, 160, 171)",32.12637901306152,-17.016360176934135,0.02161482646268008,5.593520391483837,0.6484447938804023
193,167,team_1,34,"(109, 106, 110)",34.82478141784668,-17.76454374525282,0.05940739081981559,14.06579232483317,1.7822217245944676
193,55,referee,REF,"(119, 116, 125)",23.478641510009766,-14.410195880466038,0.046340798311074585,4.121219030353176,1.3902239493322375
193,147,unknown,147,"(85, 93, 143)",22.471914291381836,-16.52777777777778,1.8754765561283406,45.00883632787572,56.26429668385022
193,114,unknown,114,"(91, 97, 131)",33.504981994628906,-23.593522389729817,42.6037655566285,428.65721411919145,1278.112966698855
194,52,team_2,19,"(132, 127, 134)",32.42330551147461,-17.33839734395345,0.09893975094373303,4.079449846579888,2.9681925283119908
194,54,team_1,20,"(132, 130, 134)",29.61512565612793,-16.422256257798935,0.07072998809898429,2.5956913823085532,2.1218996429695287
194,135,team_1,31,"(129, 121, 130)",35.46770095825195,-18.193057166205513,0.1790751652391806,5.435806702353342,5.372254957175418
194,1,team_1,1,"(123, 119, 124)",35.751686096191406,-18.130217658148872,0.0152230575559011,7.670899579506775,0.456691726677033
194,147,unknown,147,"(86, 94, 145)",22.471914291381836,-16.52777777777778,0.0,45.00883632787572,0.0
194,55,referee,REF,"(124, 120, 129)",23.434715270996094,-14.402435514662,0.04460647656225154,4.165825506915428,1.3381942968675462
194,167,team_1,34,"(111, 107, 112)",34.70958709716797,-17.726981268988716,0.12116381943352975,14.1869561442667,3.634914583005892
194,118,team_1,28,"(164, 160, 171)",32.04384803771973,-16.991623560587566,0.08615835466828298,5.6796787461521205,2.5847506400484894
